Id,Common name,Scientific name
2,Acorn Woodpecker,Melanerpes formicivorus
3,American Avocet,Recurvirostra americana
4,American Bittern,Botaurus lentiginosus
5,American Coot,Fulica americana
6,American Crow,Corvus brachyrhynchos
7,American Goldfinch,Spinus tristis
8,American Kestrel,Falco sparverius
9,American Oystercatcher,Haematopus palliatus
10,American Redstart,Setophaga ruticilla
11,American Robin,Turdus migratorius
12,American White Pelican,Pelecanus erythrorhynchos
13,American Woodcock,Scolopax minor
14,Anhinga,Anhinga anhinga
15,Anna's Hummingbird,Calypte anna
16,Ash-Throated Flycatcher,Myiarchus cinerascens
17,Atlantic Puffin,Fratercula arctica
18,Audouin's Gull,Ichthyaetus audouinii
19,Baird's Sparrow,Ammodramus bairdii
20,Bald Eagle,Haliaeetus leucocephalus
21,Baltimore Oriole,Icterus galbula
22,Barn Owl,Tyto alba
23,Barn Swallow,Hirundo rustica
24,Barred Owl,Strix varia
25,Barrow's Goldeneye,Bucephala islandica
26,Bell's Vireo,Vireo bellii
27,Belted Kingfisher,Megaceryle alcyon
28,Bewick's Wren,Thryomanes bewickii
29,Black Redstart,Phoenicurus ochruros
30,Black Skimmer,Rynchops niger
31,Black Tern,Chlidonias niger
32,Black Vulture,Coragyps atratus
33,Black Woodpecker,Dryocopus martius
34,Black-Bellied Whistling-Duck,Dendrocygna autumnalis
35,Black-Billed Magpie,Pica hudsonia
36,Black-Chinned Hummingbird,Archilochus alexandri
37,Black-Crowned Night-Heron,Nycticorax nycticorax
38,Black-Headed Gull,Chroicocephalus ridibundus
39,Black-Necked Stilt,Himantopus mexicanus
40,Black-Tailed Godwit,Limosa limosa
41,Black-Throated Diver,Gavia arctica
42,Blue Grosbeak,Passerina caerulea
43,Blue Jay,Cyanocitta cristata
44,Blue-Gray Gnatcatcher,Polioptila caerulea
45,Blue-Winged Warbler,Vermivora cyanoptera
46,Bluethroat,Luscinia svecica
47,Bobolink,Dolichonyx oryzivorus
48,Bonelli's Eagle,Aquila fasciata
49,Brant,Branta bernicla
50,Brewer's Blackbird,Euphagus cyanocephalus
51,Broad-Winged Hawk,Buteo platypterus
52,Bronzed Cowbird,Molothrus aeneus
53,Brown Pelican,Pelecanus occidentalis
54,Brown-Headed Cowbird,Molothrus ater
55,Bullfinch,Pyrrhula pyrrhula
56,Burrowing Owl,Athene cunicularia
57,Bushtit,Psaltriparus minimus
58,California Condor,Gymnogyps californianus
59,California Quail,Callipepla californica
60,Canada Goose,Branta canadensis
61,Canvasback,Aythya valisineria
62,Carolina Chickadee,Poecile carolinensis
63,Carolina Wren,Thryothorus ludovicianus
64,Carrion Crow,Corvus corone
65,Cassin's Finch,Haemorhous cassinii
66,Cassin's Sparrow,Peucaea cassinii
67,Cedar Waxwing,Bombycilla cedrorum
68,Cerulean Warbler,Setophaga cerulea
69,Cetti's Warbler,Cettia cetti
70,Chestnut-Collared Longspur,Calcarius ornatus
71,Chihuahuan Raven,Corvus cryptoleucus
72,Chimney Swift,Chaetura pelagica
73,Chipping Sparrow,Spizella passerina
74,Clark's Grebe,Aechmophorus clarkii
75,Clark's Nutcracker,Nucifraga columbiana
76,Coal Tit,Periparus ater
77,Common Blackbird,Turdus merula
78,Common Buzzard,Buteo buteo
79,Common Chaffinch,Fringilla coelebs
80,Common Chiffchaff,Phylloscopus collybita
81,Common Cuckoo,Cuculus canorus
82,Common Goldeneye,Bucephala clangula
83,Common Grackle,Quiscalus quiscula
84,Common Kingfisher,Alcedo atthis
85,Common Little Bittern,Ixobrychus minutus
86,Common Loon,Gavia immer
87,Common Merganser,Mergus merganser
88,Common Moorhen,Gallinula chloropus
89,Common Nighthawk,Chordeiles minor
90,Common Nightingale,Luscinia megarhynchos
91,Common Raven,Corvus corax
92,Common Starling,Sturnus vulgaris
93,Common Swift,Apus apus
94,Common Yellowthroat,Geothlypis trichas
95,Cooper's Hawk,Accipiter cooperii
96,Corsican Nuthatch,Sitta whiteheadi
97,Dark-Eyed Junco,Junco hyemalis
98,Dickcissel,Spiza americana
99,Double-Crested Cormorant,Phalacrocorax auritus
100,Downy Woodpecker,Picoides pubescens
101,Dunnock,Prunella modularis
102,Eastern Bluebird,Sialia sialis
103,Eastern Imperial Eagle,Aquila heliaca
104,Eastern Kingbird,Tyrannus tyrannus
105,Eastern Phoebe,Sayornis phoebe
106,Eastern Screech-Owl,Megascops asio
107,Eleonora's Falcon,Falco eleonorae
108,Eurasian Collared-Dove,Streptopelia decaocto
109,Eurasian Golden Oriole,Oriolus oriolus
110,Eurasian Green Woodpecker,Picus viridis
111,Eurasian Hobby,Falco subbuteo
112,Eurasian Jay,Garrulus glandarius
113,Eurasian Magpie,Pica pica
114,Eurasian Nutcracker,Nucifraga caryocatactes
115,Eurasian Nuthatch,Sitta europaea
116,Eurasian Sparrowhawk,Accipiter nisus
117,Eurasian Tree Sparrow,Passer montanus
118,European Bee-Eater,Merops apiaster
119,European Goldfinch,Carduelis carduelis
120,European Honey Buzzard,Pernis apivorus
121,European Robin,Erithacus rubecula
122,European Roller,Coracias garrulus
123,European Turtle Dove,Streptopelia turtur
124,Ferruginous Hawk,Buteo regalis
125,Fish Crow,Corvus ossifragus
126,Forster's Tern,Sterna forsteri
127,Franklin's Gull,Leucophaeus pipixcan
128,Goldcrest,Regulus regulus
129,Golden Eagle,Aquila chrysaetos
130,Grasshopper Sparrow,Ammodramus savannarum
131,Gray Catbird,Dumetella carolinensis
132,Great Blue Heron,Ardea herodias
133,Great Crested Flycatcher,Myiarchus crinitus
134,Great Crested Grebe,Podiceps cristatus
135,Great Egret,Ardea alba
136,Great Horned Owl,Bubo virginianus
137,Great Tit,Parus major
138,Greater Flamingo,Phoenicopterus roseus
139,Greater Prairie-Chicken,Tympanuchus cupido
140,Greater Roadrunner,Geococcyx californianus
141,Green Heron,Butorides virescens
142,Grey Heron,Ardea cinerea
143,Greylag Goose,Anser anser
144,Griffon Vulture,Gyps fulvus
145,Hawfinch,Coccothraustes coccothraustes
146,Hermit Thrush,Catharus guttatus
147,Hooded Crow,Corvus cornix
148,Hooded Merganser,Lophodytes cucullatus
149,Hooded Warbler,Setophaga citrina
150,Horned Lark,Eremophila alpestris
151,House Finch,Haemorhous mexicanus
152,House Sparrow,Passer domesticus
153,House Wren,Troglodytes aedon
154,Inca Dove,Columbina inca
155,Indigo Bunting,Passerina cyanea
156,Juniper Titmouse,Baeolophus ridgwayi
157,Killdeer,Charadrius vociferus
158,King Rail,Rallus elegans
159,Lazuli Bunting,Passerina amoena
160,Lesser Whitethroat,Sylvia curruca
161,Lincoln's Sparrow,Melospiza lincolnii
162,Little Bustard,Tetrax tetrax
163,Little Owl,Athene noctua
164,Loggerhead Shrike,Lanius ludovicianus
165,Long-Tailed Tit,Aegithalos caudatus
166,Mallard,Anas platyrhynchos
167,Mississippi Kite,Ictinia mississippiensis
168,Moltoni's Warbler,Sylvia subalpina
169,Montagu's Harrier,Circus pygargus
170,Mountain Bluebird,Sialia currucoides
171,Mountain Chickadee,Poecile gambeli
172,Mourning Dove,Zenaida macroura
173,Mute Swan,Cygnus olor
174,Northern Bobwhite,Colinus virginianus
175,Northern Cardinal,Cardinalis cardinalis
176,Northern Flicker,Colaptes auratus
177,Northern Gannet,Morus bassanus
178,Northern Goshawk,Accipiter gentilis
179,Northern Harrier,Circus hudsonius
180,Northern Mockingbird,Mimus polyglottos
181,Northern Shoveler,Spatula clypeata
182,Osprey,Pandion haliaetus
183,Painted Bunting,Passerina ciris
184,Painted Whitestart,Myioborus pictus
185,Parrot Crossbill,Loxia pytyopsittacus
186,Peregrine Falcon,Falco peregrinus
187,Pied-Billed Grebe,Podilymbus podiceps
188,Pileated Woodpecker,Dryocopus pileatus
189,Pine Siskin,Spinus pinus
190,Prothonotary Warbler,Protonotaria citrea
191,Purple Gallinule,Porphyrio martinicus
192,Purple Martin,Progne subis
193,Pygmy Nuthatch,Sitta pygmaea
194,Red Crossbill,Loxia curvirostra
195,Red Kite,Milvus milvus
196,Red Knot,Calidris canutus
197,Red-Backed Shrike,Lanius collurio
198,Red-Bellied Woodpecker,Melanerpes carolinus
199,Red-Breasted Merganser,Mergus serrator
200,Red-Breasted Nuthatch,Sitta canadensis
201,Red-Cockaded Woodpecker,Picoides borealis
202,Red-Eyed Vireo,Vireo olivaceus
203,Red-Headed Woodpecker,Melanerpes erythrocephalus
204,Red-Legged Partridge,Alectoris rufa
205,Red-Shouldered Hawk,Buteo lineatus
206,Red-Tailed Hawk,Buteo jamaicensis
207,Red-Winged Blackbird,Agelaius phoeniceus
208,Ring-Billed Gull,Larus delawarensis
209,Rose-Breasted Grosbeak,Pheucticus ludovicianus
210,Roseate Spoonbill,Platalea ajaja
211,Ruby-Crowned Kinglet,Regulus calendula
212,Ruby-Throated Hummingbird,Archilochus colubris
213,Ruddy Duck,Oxyura jamaicensis
214,Ruff,Calidris pugnax
215,Sandhill Crane,Antigone canadensis
216,Savannah Sparrow,Passerculus sandwichensis
217,Savi's Warbler,Locustella luscinioides
218,Say's Phoebe,Sayornis saya
219,Scaled Quail,Callipepla squamata
220,Scissor-Tailed Flycatcher,Tyrannus forficatus
221,Short-Toed Treecreeper,Certhia brachydactyla
222,Snow Bunting,Plectrophenax nivalis
223,Snowy Egret,Egretta thula
224,Snowy Owl,Bubo scandiacus
225,Song Sparrow,Melospiza melodia
226,Spotted Owl,Strix occidentalis
227,Spotted Sandpiper,Actitis macularius
228,Spotted Towhee,Pipilo maculatus
229,Sprague's Pipit,Anthus spragueii
230,Squacco Heron,Ardeola ralloides
231,Steller's Jay,Cyanocitta stelleri
232,Swainson's Hawk,Buteo swainsoni
233,Thekla's Lark,Galerida theklae
234,Tree Swallow,Tachycineta bicolor
235,Trumpeter Swan,Cygnus buccinator
236,Tufted Titmouse,Baeolophus bicolor
237,Turkey Vulture,Cathartes aura
238,Vaux's Swift,Chaetura vauxi
239,Violet-Green Swallow,Tachycineta thalassina
240,Western Meadowlark,Sturnella neglecta
241,Western Tanager,Piranga ludoviciana
242,White Stork,Ciconia ciconia
243,White Wagtail,Motacilla alba
244,White-Backed Woodpecker,Dendrocopos leucotos
245,White-Breasted Nuthatch,Sitta carolinensis
246,White-Crowned Sparrow,Zonotrichia leucophrys
247,White-Faced Ibis,Plegadis chihi
248,White-Throated Dipper,Cinclus cinclus
249,White-Throated Swift,Aeronautes saxatalis
250,Whooping Crane,Grus americana
251,Wild Turkey,Meleagris gallopavo
252,Willet,Tringa semipalmata
253,Wilson's Snipe,Gallinago delicata
254,Wilson's Storm Petrel,Oceanites oceanicus
255,Wood Duck,Aix sponsa
256,Wood Stork,Mycteria americana
257,Yellow-Bellied Sapsucker,Sphyrapicus varius
258,Yellow-Billed Cuckoo,Coccyzus americanus
259,Yellow-Breasted Chat,Icteria virens
260,Yellow-Headed Blackbird,Xanthocephalus xanthocephalus
261,Yellow-Rumped Warbler,Setophaga coronata
262,Yellowhammer,Emberiza citrinella
263,Abbott's Booby,Papasula abbotti
264,Australasian Pipit,Anthus novaeseelandiae
265,Australasian Shoveler,Spatula rhynchotis
266,Australian Ibis,Threskiornis moluccus
267,Australian Magpie,Gymnorhina tibicen
268,Australian Owlet-Nightjar,Aegotheles cristatus
269,Australian Raven,Corvus coronoides
270,Australian Reed Warbler,Acrocephalus australis
271,Australian Shelduck,Tadorna tadornoides
272,Australian Zebra Finch,Taeniopygia castanotis
273,Black Noddy,Anous minutus
274,Black Swan,Cygnus atratus
275,Black-Shouldered Kite,Elanus axillaris
276,Blyth's Hornbill,Rhyticeros plicatus
277,Brolga,Antigone rubicunda
278,Brown Falcon,Falco berigora
279,Budgerigar,Melopsittacus undulatus
280,Cockatiel,Nymphicus hollandicus
281,Count Raggi's Bird-of-Paradise,Paradisaea raggiana
282,Crested Pigeon,Ocyphaps lophotes
283,Crimson Chat,Epthianura tricolor
284,Eastern Rosella,Platycercus eximius
285,Eastern Whipbird,Psophodes olivaceus
286,Emu,Dromaius novaehollandiae
287,Galah,Eolophus roseicapilla
288,Golden-Headed Cisticola,Cisticola exilis
289,Gould's Finch,Erythrura gouldiae
290,Green Pygmy-Goose,Nettapus pulchellus
291,Grey Butcherbird,Cracticus torquatus
292,Grey Shrikethrush,Colluricincla harmonica
293,Grey Teal,Anas gracilis
294,Grey Warbler,Gerygone igata
295,Grey-Headed Mannikin,Lonchura caniceps
296,Horsfield's Bronze-Cuckoo,Chrysococcyx basalis
297,Horsfield's Bushlark,Mirafra javanica
298,Kea,Nestor notabilis
299,Kelp Gull,Larus dominicanus
300,Kererū,Hemiphaga novaeseelandiae
301,Kākāpō,Strigops habroptila
302,Korimako,Anthornis melanura
303,Laughing Kookaburra,Dacelo novaeguineae
304,Lesser Frigatebird,Fregata ariel
305,Lewin's Honeyeater,Meliphaga lewinii
306,Little Penguin,Eudyptula minor
307,Little Pied Cormorant,Microcarbo melanoleucos
308,Magpie-Lark,Grallina cyanoleuca
309,Major Mitchell's Cockatoo,Lophochroa leadbeateri
310,Malleefowl,Leipoa ocellata
311,Maned Duck,Chenonetta jubata
312,Many-Colored Fruit-Dove,Ptilinopus perousii
313,Masked Lapwing,Vanellus miles
314,Mistletoebird,Dicaeum hirundinaceum
315,Musk Duck,Biziura lobata
316,New Holland Honeyeater,Phylidonyris novaehollandiae
317,Noisy Miner,Manorina melanocephala
318,North Island Brown Kiwi,Apteryx mantelli
319,Orange-Footed Scrubfowl,Megapodius reinwardt
320,Pacific Black Duck,Anas superciliosa
321,Peaceful Dove,Geopelia placida
322,Pesquet's Parrot,Psittrichas fulgidus
323,Pheasant Coucal,Centropus phasianinus
324,Pink-Eared Duck,Malacorhynchus membranaceus
325,Plains-Wanderer,Pedionomus torquatus
326,Princess Stephanie's Astrapia,Astrapia stephaniae
327,Pūkeko,Porphyrio melanotus
328,Rainbow Lorikeet,Trichoglossus moluccanus
329,Red Wattlebird,Anthochaera carunculata
330,Red-Backed Fairywren,Malurus melanocephalus
331,Red-Capped Robin,Petroica goodenovii
332,Red-Necked Avocet,Recurvirostra novaehollandiae
333,Red-Winged Parrot,Aprosmictus erythropterus
334,Regent Bowerbird,Sericulus chrysocephalus
335,Royal Spoonbill,Platalea regia
336,Rufous Night-Heron,Nycticorax caledonicus
337,Rufous Owl,Ninox rufa
338,Rufous-Banded Honeyeater,Conopophila albogularis
339,Sacred Kingfisher,Todiramphus sanctus
340,Silvereye,Zosterops lateralis
341,South Island Robin,Petroica australis
342,Southern Cassowary,Casuarius casuarius
343,Spangled Drongo,Dicrurus bracteatus
344,Splendid Fairywren,Malurus splendens
345,Spotless Crake,Zapornia tabuensis
346,Stubble Quail,Coturnix pectoralis
347,Sulphur-Crested Cockatoo,Cacatua galerita
348,Superb Lyrebird,Menura novaehollandiae
349,Tawny Frogmouth,Podargus strigoides
350,Tūī,Prosthemadera novaeseelandiae
351,Wedge-Tailed Eagle,Aquila audax
352,Welcome Swallow,Hirundo neoxena
353,White-Bellied Sea-Eagle,Haliaeetus leucogaster
354,White-Breasted Woodswallow,Artamus leucoryn
355,White-Faced Heron,Egretta novaehollandiae
356,Willie-Wagtail,Rhipidura leucophrys
357,Wrybill,Anarhynchus frontalis
358,Acadian Flycatcher,Empidonax virescens
359,American Cliff Swallow,Petrochelidon pyrrhonota
360,American Wigeon,Mareca americana
361,Black Rosy Finch,Leucosticte atrata
362,Black-and-White Warbler,Mniotilta varia
363,Blue-Winged Teal,Spatula discors
364,Boat-Tailed Grackle,Quiscalus major
365,Brown Creeper,Certhia americana
366,Brown Thrasher,Toxostoma rufum
367,Cactus Wren,Campylorhynchus brunneicapillus
368,California Scrub-Jay,Aphelocoma californica
369,Eastern Meadowlark,Sturnella magna
370,Eastern Whip-Poor-Will,Antrostomus vociferus
371,Laughing Gull,Leucophaeus atricilla
372,Lesser Prairie-Chicken,Tympanuchus pallidicinctus
373,Mountain Quail,Oreortyx pictus
374,Phainopepla,Phainopepla nitens
375,Prairie Falcon,Falco mexicanus
376,Purple Finch,Haemorhous purpureus
377,Pyrrhuloxia,Cardinalis sinuatus
378,Scarlet Tanager,Piranga olivacea
379,Surfbird,Calidris virgata
380,Virginia Rail,Rallus limicola
381,Western Screech-Owl,Megascops kennicottii
382,Yellow-Billed Magpie,Pica nuttallii
383,Alpine Swift,Tachymarptis melba
384,Black-Necked Grebe,Podiceps nigricollis
385,Common Crane,Grus grus
386,Common Eider,Somateria mollissima
387,Common Murre,Uria aalge
388,Common Pheasant,Phasianus colchicus
389,Common Snipe,Gallinago gallinago
390,Common Tern,Sterna hirundo
391,Common Wood Pigeon,Columba palumbus
392,Crested Tit,Lophophanes cristatus
393,Eurasian Curlew,Numenius arquata
394,Eurasian Siskin,Spinus spinus
395,Eurasian Wren,Troglodytes troglodytes
396,Eurasian Wryneck,Jynx torquilla
397,European Herring Gull,Larus argentatus
398,European Serin,Serinus serinus
399,Iberian Magpie,Cyanopica cooki
400,Italian Sparrow,Passer italiae
401,Marsh Tit,Poecile palustris
402,Mediterranean Shearwater,Puffinus yelkouan
403,Merlin,Falco columbarius
404,Red-Footed Falcon,Falco vespertinus
405,Spotless Starling,Sturnus unicolor
406,Tree Pipit,Anthus trivialis
407,Western House Martin,Delichon urbicum
408,Bali Starling,Leucopsar rothschildi
409,Bengal Florican,Houbaropsis bengalensis
410,Black-and-Yellow Broadbill,Eurylaimus ochromalus
411,Blood Pheasant,Ithaginis cruentus
412,Brahminy Starling,Sturnia pagodarum
413,Chinese Copper Pheasant,Chrysolophus amherstiae
414,Crimson-Bellied Tragopan,Tragopan temminckii
415,Daurian Jackdaw,Coloeus dauuricus
416,Demoiselle Crane,Grus virgo
417,Giant Fish Owl,Ketupa blakistoni
418,Great Argus,Argusianus argus
419,Great Eared Nightjar,Lyncornis macrotis
420,Greater Racket-Tailed Drongo,Dicrurus paradiseus
421,Greater Spotted Eagle,Clanga clanga
422,Indian Courser,Cursorius coromandelicus
423,Indian Paradise Flycatcher,Terpsiphone paradisi
424,Luzon Bleeding-Heart,Gallicolumba luzonica
425,Nicobar Pigeon,Caloenas nicobarica
426,Pacific Sea-Eagle,Haliaeetus pelagicus
427,Pinktail,Urocynchramus pylzowi
428,Purple Sunbird,Cinnyris asiaticus
429,Steppe Eagle,Aquila nipalensis
430,Sulu Hornbill,Anthracoceros montani
431,Taiwan Blue-Magpie,Urocissa caerulea
432,Whiskered Treeswift,Hemiprocne comata
433,Asian Emerald Dove,Chalcophaps indica
434,Asian Koel,Eudynamys scolopaceus
435,Azure Tit,Cyanistes cyanus
436,Baya Weaver,Ploceus philippinus
437,Bearded Reedling,Panurus biarmicus
438,Black Drongo,Dicrurus macrocercus
439,Black Stork,Ciconia nigra
440,Black-Naped Oriole,Oriolus chinensis
441,Blue Rock-Thrush,Monticola solitarius
442,Brahminy Kite,Haliastur indus
443,Brambling,Fringilla montifringilla
444,Brown Shrike,Lanius cristatus
445,Common Green Magpie,Cissa chinensis
446,Common Iora,Aegithina tiphia
447,Common Myna,Acridotheres tristis
448,Common Sandpiper,Actitis hypoleucos
449,Common Tailorbird,Orthotomus sutorius
450,Common Teal,Anas crecca
451,Coppersmith Barbet,Psilopogon haemacephalus
452,Crested Ibis,Nipponia nippon
453,Crested Lark,Galerida cristata
454,Desert Finch,Rhodospiza obsoleta
455,Desert Wheatear,Oenanthe deserti
456,Eurasian Coot,Fulica atra
457,Eurasian Eagle-Owl,Bubo bubo
458,Eurasian Hoopoe,Upupa epops
459,Eurasian Kestrel,Falco tinnunculus
460,Eurasian Marsh-Harrier,Circus aeruginosus
461,Eurasian Treecreeper,Certhia familiaris
462,Fire-Fronted Serin,Serinus pusillus
463,Forest Owlet,Athene blewitti
464,Golden Pheasant,Chrysolophus pictus
465,Graceful Prinia,Prinia gracilis
466,Grandala,Grandala coelicolor
467,Gray Wagtail,Motacilla cinerea
468,Great Cormorant,Phalacrocorax carbo
469,Great Hornbill,Buceros bicornis
470,Great Indian Bustard,Ardeotis nigriceps
471,Great Spotted Woodpecker,Dendrocopos major
472,Greater Adjutant,Leptoptilos dubius
473,Green Bee-Eater,Merops orientalis
474,Green Pheasant,Phasianus colchicus versicolor
475,Himalayan Monal,Lophophorus impejanus
476,House Crow,Corvus splendens
477,Ibisbill,Ibidorhyncha struthersii
478,Indian Peafowl,Pavo cristatus
479,Indian Vulture,Gyps indicus
480,Large-Billed Crow,Corvus macrorhynchos
481,Little Egret,Egretta garzetta
482,Little Grebe,Tachybaptus ruficollis
483,Little Ringed Plover,Charadrius dubius
484,Mandarin Duck,Aix galericulata
485,Olive-Backed Sunbird,Cinnyris jugularis
486,Oriental Bay-Owl,Phodilus badius
487,Oriental Magpie-Robin,Copsychus saularis
488,Philippine Eagle,Pithecophaga jefferyi
489,Plumbeous Redstart,Phoenicurus fuliginosus
490,Purple Heron,Ardea purpurea
491,Red Avadavat,Amandava amandava
492,Red Junglefowl,Gallus gallus
493,Red-Crowned Crane,Grus japonensis
494,Red-Vented Bulbul,Pycnonotus cafer
495,Red-Wattled Lapwing,Vanellus indicus
496,Rhinoceros Auklet,Cerorhinca monocerata
497,Rock Pigeon,Columba livia
498,Rook,Corvus frugilegus
499,Rose-Ringed Parakeet,Psittacula krameri
500,Rosy Starling,Pastor roseus
501,Ruddy Shelduck,Tadorna ferruginea
502,Sarus Crane,Antigone antigone
503,Satyr Tragopan,Tragopan satyra
504,Scaly-Breasted Munia,Lonchura punctulata
505,Small Minivet,Pericrocotus cinnamomeus
506,Smew,Mergellus albellus
507,Spoon-Billed Sandpiper,Calidris pygmea
508,Spotted Dove,Streptopelia chinensis
509,Sri Lanka Blue-Magpie,Urocissa ornata
510,Sri Lanka Frogmouth,Batrachostomus moniliger
511,Stork-Billed Kingfisher,Pelargopsis capensis
512,Trumpeter Finch,Bucanetes githagineus
513,Twite,Linaria flavirostris
514,Verditer Flycatcher,Eumyias thalassinus
515,Violet Cuckoo,Chrysococcyx xanthorhynchus
516,White-Browed Tit-Warbler,Leptopoecile sophiae
517,White-Crested Laughingthrush,Garrulax leucolophus
518,White-Headed Duck,Oxyura leucocephala
519,White-Throated Kingfisher,Halcyon smyrnensis
520,Willow Tit,Poecile montanus
521,Yellow Bittern,Ixobrychus sinensis
522,Zebra Dove,Geopelia striata
523,Black-Capped Chickadee,Poecile atricapillus
524,Blackpoll Warbler,Setophaga striata
525,Canada Jay,Perisoreus canadensis
526,Canada Warbler,Cardellina canadensis
527,Dovekie,Alle alle
528,Evening Grosbeak,Hesperiphona vespertina
529,Great Grey Owl,Strix nebulosa
530,Greater Scaup,Aythya marila
531,Greater Snow Goose,Anser caerulescens atlanticus
532,Gyrfalcon,Falco rusticolus
533,Harlequin Duck,Histrionicus histrionicus
534,Ivory Gull,Pagophila eburnea
535,King Eider,Somateria spectabilis
536,Northern Pintail,Anas acuta
537,Northern Saw-Whet Owl,Aegolius acadicus
538,Ovenbird,Seiurus aurocapilla
539,Pine Grosbeak,Pinicola enucleator
540,Piping Plover,Charadrius melodus
541,Qupanuaq,Zonotrichia querula
542,Rock Ptarmigan,Lagopus muta
543,Rufous Hummingbird,Selasphorus rufus
544,Rusty Blackbird,Euphagus carolinus
545,Sharp-Tailed Grouse,Tympanuchus phasianellus
546,Tufted Puffin,Fratercula cirrhata
547,Varied Thrush,Ixoreus naevius
548,Dartford Warbler,Curruca undata
549,Eurasian Blackcap,Sylvia atricapilla
550,Eurasian Blue Tit,Cyanistes caeruleus
551,Eurasian Skylark,Alauda arvensis
552,Eurasian Wigeon,Mareca penelope
553,European Golden Plover,Pluvialis apricaria
554,European Greenfinch,Chloris chloris
555,European Shag,Gulosus aristotelis
556,European Stonechat,Saxicola rubicola
557,Garden Warbler,Sylvia borin
558,Lesser Spotted Woodpecker,Dryobates minor
559,Manx Shearwater,Puffinus puffinus
560,Marsh Warbler,Acrocephalus palustris
561,Meadow Pipit,Anthus pratensis
562,Ruddy Turnstone,Arenaria interpres
563,Sand Martin,Riparia riparia
564,Sandwich Tern,Thalasseus sandvicensis
565,Song Thrush,Turdus philomelos
566,Tawny Owl,Strix aluco
567,Tundra Swan,Cygnus columbianus
568,Western Capercaillie,Tetrao urogallus
569,Western Jackdaw,Coloeus monedula
570,Western Yellow Wagtail,Motacilla flava
571,Whooper Swan,Cygnus cygnus
572,Willow Warbler,Phylloscopus trochilus
573,Black Robin,Petroica traversi
574,Blue Duck,Hymenolaimus malacorhynchos
575,Fernbird,Poodytes punctatus
576,Great Spotted Kiwi,Apteryx maxima
577,Long-Tailed Cuckoo,Urodynamis taitensis
578,Magenta Petrel,Pterodroma magentae
579,New Zealand Dabchick,Poliocephalus rufopectus
580,New Zealand Fairy Tern,Sternula nereis davisae
581,New Zealand Falcon,Falco novaeseelandiae
582,New Zealand Rock Wren,Xenicus gilviventris
583,New Zealand Scaup,Aythya novaeseelandiae
584,North Island Kōkako,Callaeas wilsoni
585,Paradise Shelduck,Tadorna variegata
586,Red-Crowned Parakeet,Cyanoramphus novaezelandiae
587,Rifleman,Acanthisitta chloris
588,Shore Plover,Thinornis novaeseelandiae
589,South Island Saddleback,Philesturnus carunculatus
590,South Island Takahē,Porphyrio hochstetteri
591,Spotted Shag,Phalacrocorax punctatus
592,Stitchbird,Notiomystis cincta
593,Tomtit,Petroica macrocephala
594,Variable Oystercatcher,Haematopus unicolor
595,Weka,Gallirallus australis
596,Yellow-Eyed Penguin,Megadyptes antipodes
597,Yellowhead,Mohoua ochrocephala
598,Altamira Oriole,Icterus gularis
599,Amazon Kingfisher,Chloroceryle amazona
600,Amazonian Parrotlet,Nannopsittaca dachilleae
601,American Flamingo,Phoenicopterus ruber
602,American Golden-Plover,Pluvialis dominica
603,Andean Cock-of-the-Rock,Rupicola peruvianus
604,Andean Condor,Vultur gryphus
605,Antioquia Brushfinch,Atlapetes blancae
606,Bananaquit,Coereba flaveola
607,Barred Antshrike,Thamnophilus doliatus
608,Bat Falcon,Falco rufigularis
609,Black Rail,Laterallus jamaicensis
610,Blue-and-Yellow Macaw,Ara ararauna
611,Blue-Black Grassquit,Volatinia jacarina
612,Blue-Footed Booby,Sula nebouxii
613,Blue-Grey Tanager,Thraupis episcopus
614,Blue-Headed Parrot,Pionus menstruus
615,Boat-Billed Heron,Cochlearius cochlearius
616,Brazilian Merganser,Mergus octosetaceus
617,Brazilian Teal,Amazonetta brasiliensis
618,Chiloé Wigeon,Mareca sibilatrix
619,Clay-Colored Thrush,Turdus grayi
620,Cocoi Heron,Ardea cocoi
621,Common Pauraque,Nyctidromus albicollis
622,Correndera Pipit,Anthus correndera
623,Crested Oropendola,Psarocolius decumanus
624,Elegant Trogon,Trogon elegans
625,Ferruginous Pygmy-Owl,Glaucidium brasilianum
626,Firewood-Gatherer,Anumbius annumbi
627,Golden-Headed Manakin,Ceratopipra erythrocephala
628,Grassland Sparrow,Ammodramus humeralis
629,Great Curassow,Crax rubra
630,Great Kiskadee,Pitangus sulphuratus
631,Great Potoo,Nyctibius grandis
632,Great-Tailed Grackle,Quiscalus mexicanus
633,Greater Rhea,Rhea americana
634,Harpy Eagle,Harpia harpyja
635,Hoatzin,Opisthocomus hoazin
636,Hooded Siskin,Spinus magellanicus
637,Horned Guan,Oreophasis derbianus
638,Inca Tern,Larosterna inca
639,Jabiru,Jabiru mycteria
640,Keel-Billed Toucan,Ramphastos sulfuratus
641,King Vulture,Sarcoramphus papa
642,Least Seedsnipe,Thinocorus rumicivorus
643,Limpkin,Aramus guarauna
644,Lineated Woodpecker,Dryocopus lineatus
645,Little Blue Heron,Egretta caerulea
646,Little Tinamou,Crypturellus soui
647,Long-Wattled Umbrellabird,Cephalopterus penduliger
648,Magnificent Frigatebird,Fregata magnificens
649,Marsh Seedeater,Sporophila palustris
650,Monk Parakeet,Myiopsitta monachus
651,Muscovy Duck,Cairina moschata
652,Nanday Parakeet,Aratinga nenday
653,Neotropic Cormorant,Nannopterum brasilianum
654,Ocellated Turkey,Meleagris ocellata
655,Oilbird,Steatornis caripensis
656,Orange-Breasted Bunting,Passerina leclancherii
657,Orinoco Goose,Neochen jubata
658,Paradise Tanager,Tangara chilensis
659,Peruvian Sierra-Finch,Phrygilus punensis
660,Plain Chachalaca,Ortalis vetula
661,Red-Billed Scythebill,Campylorhamphus trochilirostris
662,Red-Breasted Meadowlark,Leistes militaris
663,Red-Crested Cardinal,Paroaria coronata
664,Red-Headed Barbet,Eubucco bourcierii
665,Red-Legged Seriema,Cariama cristata
666,Resplendent Quetzal,Pharomachrus mocinno
667,Roadside Hawk,Rupornis magnirostris
668,Ruddy Ground Dove,Columbina talpacoti
669,Rufescent Tiger-Heron,Tigrisoma lineatum
670,Rufous Hornero,Furnarius rufus
671,Rufous-Collared Sparrow,Zonotrichia capensis
672,Rufous-Naped Wren,Campylorhynchus rufinucha
673,Savanna Hawk,Buteogallus meridionalis
674,Scarlet Ibis,Eudocimus ruber
675,Scarlet Macaw,Ara macao
676,Screaming Piha,Lipaugus vociferans
677,Shiny Cowbird,Molothrus bonariensis
678,Smooth-Billed Ani,Crotophaga ani
679,Snowy Albatross,Diomedea exulans
680,Southern Lapwing,Vanellus chilensis
681,Southern Rough-Winged Swallow,Stelgidopteryx ruficollis
682,Southern Screamer,Chauna torquata
683,Spectacled Owl,Pulsatrix perspicillata
684,Spotted Nothura,Nothura maculosa
685,Spotted Puffbird,Bucco tamatia
686,Squirrel Cuckoo,Piaya cayana
687,Strange-Tailed Tyrant,Alectrurus risora
688,Sun Parakeet,Aratinga solstitialis
689,Sunbittern,Eurypyga helias
690,Sungrebe,Heliornis fulica
691,Titicaca Grebe,Rollandia microptera
692,Toco Toucan,Ramphastos toco
693,Tropical Kingbird,Tyrannus melancholicus
694,Tropical Parula,Setophaga pitiayumi
695,Tropical Royal Flycatcher,Onychorhynchus coronatus
696,Turquoise-Browed Motmot,Eumomota superciliosa
697,Ultramarine Grosbeak,Cyanoloxia brissonii
698,Vampire Ground-Finch,Geospiza septentrionalis
699,Variable Seedeater,Sporophila corvina
700,Verdin,Auriparus flaviceps
701,Vermilion Flycatcher,Pyrocephalus rubinus
702,Wattled Jacana,Jacana jacana
703,Western Rockhopper Penguin,Eudyptes chrysocome
704,White-Browed Tit-Spinetail,Leptasthenura xenothorax
705,White-Throated Magpie-Jay,Cyanocorax formosus
706,White-Tipped Dove,Leptotila verreauxi
707,Yellow Warbler,Setophaga petechia
708,Yellow-Headed Caracara,Daptrius chimachima
