id,common name,scientific name
263,Abbott's Booby,Papasula abbotti
573,Acadian Flycatcher,Empidonax virescens
2,Acorn Woodpecker,Melanerpes formicivorus
498,Alpine Swift,Tachymarptis melba
598,Altamira Oriole,Icterus gularis
599,Amazon Kingfisher,Chloroceryle amazona
600,Amazonian Parrotlet,Nannopsittaca dachilleae
3,American Avocet,Recurvirostra americana
4,American Bittern,Botaurus lentiginosus
574,American Cliff Swallow,Petrochelidon pyrrhonota
5,American Coot,Fulica americana
6,American Crow,Corvus brachyrhynchos
601,American Flamingo,Phoenicopterus ruber
602,American Golden-Plover,Pluvialis dominica
7,American Goldfinch,Spinus tristis
8,American Kestrel,Falco sparverius
9,American Oystercatcher,Haematopus palliatus
10,American Redstart,Setophaga ruticilla
11,American Robin,Turdus migratorius
12,American White Pelican,Pelecanus erythrorhynchos
575,American Wigeon,Mareca americana
13,American Woodcock,Scolopax minor
603,Andean Cock-of-the-Rock,Rupicola peruvianus
604,Andean Condor,Vultur gryphus
14,Anhinga,Anhinga anhinga
15,Anna's Hummingbird,Calypte anna
605,Antioquia Brushfinch,Atlapetes blancae
16,Ash-Throated Flycatcher,Myiarchus cinerascens
358,Asian Emerald Dove,Chalcophaps indica
359,Asian Koel,Eudynamys scolopaceus
17,Atlantic Puffin,Fratercula arctica
18,Audouin's Gull,Ichthyaetus audouinii
264,Australasian Pipit,Anthus novaeseelandiae
265,Australasian Shoveler,Spatula rhynchotis
266,Australian Ibis,Threskiornis moluccus
267,Australian Magpie,Gymnorhina tibicen
268,Australian Owlet-Nightjar,Aegotheles cristatus
269,Australian Raven,Corvus coronoides
270,Australian Reed Warbler,Acrocephalus australis
271,Australian Shelduck,Tadorna tadornoides
272,Australian Zebra Finch,Taeniopygia castanotis
360,Azure Tit,Cyanistes cyanus
19,Baird's Sparrow,Ammodramus bairdii
20,Bald Eagle,Haliaeetus leucocephalus
448,Bali Starling,Leucopsar rothschildi
21,Baltimore Oriole,Icterus galbula
606,Bananaquit,Coereba flaveola
22,Barn Owl,Tyto alba
23,Barn Swallow,Hirundo rustica
607,Barred Antshrike,Thamnophilus doliatus
24,Barred Owl,Strix varia
25,Barrow's Goldeneye,Bucephala islandica
608,Bat Falcon,Falco rufigularis
361,Baya Weaver,Ploceus philippinus
362,Bearded Reedling,Panurus biarmicus
26,Bell's Vireo,Vireo bellii
27,Belted Kingfisher,Megaceryle alcyon
449,Bengal Florican,Houbaropsis bengalensis
28,Bewick's Wren,Thryomanes bewickii
363,Black Drongo,Dicrurus macrocercus
273,Black Noddy,Anous minutus
609,Black Rail,Laterallus jamaicensis
29,Black Redstart,Phoenicurus ochruros
523,Black Robin,Petroica traversi
576,Black Rosy Finch,Leucosticte atrata
30,Black Skimmer,Rynchops niger
364,Black Stork,Ciconia nigra
274,Black Swan,Cygnus atratus
31,Black Tern,Chlidonias niger
32,Black Vulture,Coragyps atratus
33,Black Woodpecker,Dryocopus martius
34,Black-Bellied Whistling-Duck,Dendrocygna autumnalis
35,Black-Billed Magpie,Pica hudsonia
473,Black-Capped Chickadee,Poecile atricapillus
36,Black-Chinned Hummingbird,Archilochus alexandri
37,Black-Crowned Night-Heron,Nycticorax nycticorax
38,Black-Headed Gull,Chroicocephalus ridibundus
365,Black-Naped Oriole,Oriolus chinensis
499,Black-Necked Grebe,Podiceps nigricollis
39,Black-Necked Stilt,Himantopus mexicanus
275,Black-Shouldered Kite,Elanus axillaris
40,Black-Tailed Godwit,Limosa limosa
41,Black-Throated Diver,Gavia arctica
577,Black-and-White Warbler,Mniotilta varia
450,Black-and-Yellow Broadbill,Eurylaimus ochromalus
474,Blackpoll Warbler,Setophaga striata
451,Blood Pheasant,Ithaginis cruentus
524,Blue Duck,Hymenolaimus malacorhynchos
42,Blue Grosbeak,Passerina caerulea
43,Blue Jay,Cyanocitta cristata
366,Blue Rock-Thrush,Monticola solitarius
610,Blue-Black Grassquit,Volatinia jacarina
611,Blue-Footed Booby,Sula nebouxii
44,Blue-Gray Gnatcatcher,Polioptila caerulea
612,Blue-Grey Tanager,Thraupis episcopus
613,Blue-Headed Parrot,Pionus menstruus
578,Blue-Winged Teal,Spatula discors
45,Blue-Winged Warbler,Vermivora cyanoptera
614,Blue-and-Yellow Macaw,Ara ararauna
46,Bluethroat,Luscinia svecica
276,Blyth's Hornbill,Rhyticeros plicatus
615,Boat-Billed Heron,Cochlearius cochlearius
579,Boat-Tailed Grackle,Quiscalus major
47,Bobolink,Dolichonyx oryzivorus
48,Bonelli's Eagle,Aquila fasciata
367,Brahminy Kite,Haliastur indus
452,Brahminy Starling,Sturnia pagodarum
368,Brambling,Fringilla montifringilla
49,Brant,Branta bernicla
616,Brazilian Merganser,Mergus octosetaceus
617,Brazilian Teal,Amazonetta brasiliensis
50,Brewer's Blackbird,Euphagus cyanocephalus
51,Broad-Winged Hawk,Buteo platypterus
277,Brolga,Antigone rubicunda
52,Bronzed Cowbird,Molothrus aeneus
580,Brown Creeper,Certhia americana
278,Brown Falcon,Falco berigora
53,Brown Pelican,Pelecanus occidentalis
369,Brown Shrike,Lanius cristatus
581,Brown Thrasher,Toxostoma rufum
54,Brown-Headed Cowbird,Molothrus ater
279,Budgerigar,Melopsittacus undulatus
55,Bullfinch,Pyrrhula pyrrhula
56,Burrowing Owl,Athene cunicularia
57,Bushtit,Psaltriparus minimus
582,Cactus Wren,Campylorhynchus brunneicapillus
58,California Condor,Gymnogyps californianus
59,California Quail,Callipepla californica
583,California Scrub-Jay,Aphelocoma californica
60,Canada Goose,Branta canadensis
475,Canada Jay,Perisoreus canadensis
476,Canada Warbler,Cardellina canadensis
61,Canvasback,Aythya valisineria
62,Carolina Chickadee,Poecile carolinensis
63,Carolina Wren,Thryothorus ludovicianus
64,Carrion Crow,Corvus corone
65,Cassin's Finch,Haemorhous cassinii
66,Cassin's Sparrow,Peucaea cassinii
67,Cedar Waxwing,Bombycilla cedrorum
68,Cerulean Warbler,Setophaga cerulea
69,Cetti's Warbler,Cettia cetti
70,Chestnut-Collared Longspur,Calcarius ornatus
71,Chihuahuan Raven,Corvus cryptoleucus
618,Chiloé Wigeon,Mareca sibilatrix
72,Chimney Swift,Chaetura pelagica
453,Chinese Copper Pheasant,Chrysolophus amherstiae
73,Chipping Sparrow,Spizella passerina
74,Clark's Grebe,Aechmophorus clarkii
75,Clark's Nutcracker,Nucifraga columbiana
619,Clay-Colored Thrush,Turdus grayi
76,Coal Tit,Periparus ater
280,Cockatiel,Nymphicus hollandicus
620,Cocoi Heron,Ardea cocoi
77,Common Blackbird,Turdus merula
78,Common Buzzard,Buteo buteo
79,Common Chaffinch,Fringilla coelebs
80,Common Chiffchaff,Phylloscopus collybita
500,Common Crane,Grus grus
81,Common Cuckoo,Cuculus canorus
501,Common Eider,Somateria mollissima
82,Common Goldeneye,Bucephala clangula
83,Common Grackle,Quiscalus quiscula
370,Common Green Magpie,Cissa chinensis
371,Common Iora,Aegithina tiphia
84,Common Kingfisher,Alcedo atthis
85,Common Little Bittern,Ixobrychus minutus
86,Common Loon,Gavia immer
87,Common Merganser,Mergus merganser
88,Common Moorhen,Gallinula chloropus
502,Common Murre,Uria aalge
372,Common Myna,Acridotheres tristis
89,Common Nighthawk,Chordeiles minor
90,Common Nightingale,Luscinia megarhynchos
621,Common Pauraque,Nyctidromus albicollis
503,Common Pheasant,Phasianus colchicus
91,Common Raven,Corvus corax
373,Common Sandpiper,Actitis hypoleucos
504,Common Snipe,Gallinago gallinago
92,Common Starling,Sturnus vulgaris
93,Common Swift,Apus apus
374,Common Tailorbird,Orthotomus sutorius
375,Common Teal,Anas crecca
505,Common Tern,Sterna hirundo
506,Common Wood Pigeon,Columba palumbus
94,Common Yellowthroat,Geothlypis trichas
95,Cooper's Hawk,Accipiter cooperii
376,Coppersmith Barbet,Psilopogon haemacephalus
622,Correndera Pipit,Anthus correndera
96,Corsican Nuthatch,Sitta whiteheadi
281,Count Raggi's Bird-of-Paradise,Paradisaea raggiana
377,Crested Ibis,Nipponia nippon
378,Crested Lark,Galerida cristata
623,Crested Oropendola,Psarocolius decumanus
282,Crested Pigeon,Ocyphaps lophotes
507,Crested Tit,Lophophanes cristatus
283,Crimson Chat,Epthianura tricolor
454,Crimson-Bellied Tragopan,Tragopan temminckii
97,Dark-Eyed Junco,Junco hyemalis
548,Dartford Warbler,Curruca undata
455,Daurian Jackdaw,Coloeus dauuricus
456,Demoiselle Crane,Grus virgo
379,Desert Finch,Rhodospiza obsoleta
380,Desert Wheatear,Oenanthe deserti
98,Dickcissel,Spiza americana
99,Double-Crested Cormorant,Phalacrocorax auritus
477,Dovekie,Alle alle
100,Downy Woodpecker,Picoides pubescens
101,Dunnock,Prunella modularis
102,Eastern Bluebird,Sialia sialis
103,Eastern Imperial Eagle,Aquila heliaca
104,Eastern Kingbird,Tyrannus tyrannus
584,Eastern Meadowlark,Sturnella magna
105,Eastern Phoebe,Sayornis phoebe
284,Eastern Rosella,Platycercus eximius
106,Eastern Screech-Owl,Megascops asio
585,Eastern Whip-Poor-Will,Antrostomus vociferus
285,Eastern Whipbird,Psophodes olivaceus
624,Elegant Trogon,Trogon elegans
107,Eleonora's Falcon,Falco eleonorae
286,Emu,Dromaius novaehollandiae
549,Eurasian Blackcap,Sylvia atricapilla
550,Eurasian Blue Tit,Cyanistes caeruleus
108,Eurasian Collared-Dove,Streptopelia decaocto
381,Eurasian Coot,Fulica atra
508,Eurasian Curlew,Numenius arquata
382,Eurasian Eagle-Owl,Bubo bubo
109,Eurasian Golden Oriole,Oriolus oriolus
110,Eurasian Green Woodpecker,Picus viridis
111,Eurasian Hobby,Falco subbuteo
383,Eurasian Hoopoe,Upupa epops
112,Eurasian Jay,Garrulus glandarius
384,Eurasian Kestrel,Falco tinnunculus
113,Eurasian Magpie,Pica pica
385,Eurasian Marsh-Harrier,Circus aeruginosus
114,Eurasian Nutcracker,Nucifraga caryocatactes
115,Eurasian Nuthatch,Sitta europaea
509,Eurasian Siskin,Spinus spinus
551,Eurasian Skylark,Alauda arvensis
116,Eurasian Sparrowhawk,Accipiter nisus
117,Eurasian Tree Sparrow,Passer montanus
386,Eurasian Treecreeper,Certhia familiaris
552,Eurasian Wigeon,Mareca penelope
510,Eurasian Wren,Troglodytes troglodytes
511,Eurasian Wryneck,Jynx torquilla
118,European Bee-Eater,Merops apiaster
553,European Golden Plover,Pluvialis apricaria
119,European Goldfinch,Carduelis carduelis
554,European Greenfinch,Chloris chloris
512,European Herring Gull,Larus argentatus
120,European Honey Buzzard,Pernis apivorus
121,European Robin,Erithacus rubecula
122,European Roller,Coracias garrulus
513,European Serin,Serinus serinus
555,European Shag,Gulosus aristotelis
556,European Stonechat,Saxicola rubicola
123,European Turtle Dove,Streptopelia turtur
478,Evening Grosbeak,Hesperiphona vespertina
525,Fernbird,Poodytes punctatus
124,Ferruginous Hawk,Buteo regalis
625,Ferruginous Pygmy-Owl,Glaucidium brasilianum
387,Fire-Fronted Serin,Serinus pusillus
626,Firewood-Gatherer,Anumbius annumbi
125,Fish Crow,Corvus ossifragus
388,Forest Owlet,Athene blewitti
126,Forster's Tern,Sterna forsteri
127,Franklin's Gull,Leucophaeus pipixcan
287,Galah,Eolophus roseicapilla
557,Garden Warbler,Sylvia borin
457,Giant Fish Owl,Ketupa blakistoni
128,Goldcrest,Regulus regulus
129,Golden Eagle,Aquila chrysaetos
389,Golden Pheasant,Chrysolophus pictus
288,Golden-Headed Cisticola,Cisticola exilis
627,Golden-Headed Manakin,Ceratopipra erythrocephala
289,Gould's Finch,Erythrura gouldiae
390,Graceful Prinia,Prinia gracilis
391,Grandala,Grandala coelicolor
130,Grasshopper Sparrow,Ammodramus savannarum
628,Grassland Sparrow,Ammodramus humeralis
131,Gray Catbird,Dumetella carolinensis
392,Gray Wagtail,Motacilla cinerea
458,Great Argus,Argusianus argus
132,Great Blue Heron,Ardea herodias
393,Great Cormorant,Phalacrocorax carbo
133,Great Crested Flycatcher,Myiarchus crinitus
134,Great Crested Grebe,Podiceps cristatus
629,Great Curassow,Crax rubra
459,Great Eared Nightjar,Lyncornis macrotis
135,Great Egret,Ardea alba
479,Great Grey Owl,Strix nebulosa
394,Great Hornbill,Buceros bicornis
136,Great Horned Owl,Bubo virginianus
395,Great Indian Bustard,Ardeotis nigriceps
630,Great Kiskadee,Pitangus sulphuratus
631,Great Potoo,Nyctibius grandis
526,Great Spotted Kiwi,Apteryx maxima
396,Great Spotted Woodpecker,Dendrocopos major
137,Great Tit,Parus major
632,Great-Tailed Grackle,Quiscalus mexicanus
397,Greater Adjutant,Leptoptilos dubius
138,Greater Flamingo,Phoenicopterus roseus
139,Greater Prairie-Chicken,Tympanuchus cupido
460,Greater Racket-Tailed Drongo,Dicrurus paradiseus
633,Greater Rhea,Rhea americana
140,Greater Roadrunner,Geococcyx californianus
480,Greater Scaup,Aythya marila
481,Greater Snow Goose,Anser caerulescens atlanticus
461,Greater Spotted Eagle,Clanga clanga
398,Green Bee-Eater,Merops orientalis
141,Green Heron,Butorides virescens
399,Green Pheasant,Phasianus colchicus versicolor
290,Green Pygmy-Goose,Nettapus pulchellus
291,Grey Butcherbird,Cracticus torquatus
142,Grey Heron,Ardea cinerea
292,Grey Shrikethrush,Colluricincla harmonica
293,Grey Teal,Anas gracilis
294,Grey Warbler,Gerygone igata
295,Grey-Headed Mannikin,Lonchura caniceps
143,Greylag Goose,Anser anser
144,Griffon Vulture,Gyps fulvus
482,Gyrfalcon,Falco rusticolus
483,Harlequin Duck,Histrionicus histrionicus
634,Harpy Eagle,Harpia harpyja
145,Hawfinch,Coccothraustes coccothraustes
146,Hermit Thrush,Catharus guttatus
400,Himalayan Monal,Lophophorus impejanus
635,Hoatzin,Opisthocomus hoazin
147,Hooded Crow,Corvus cornix
148,Hooded Merganser,Lophodytes cucullatus
636,Hooded Siskin,Spinus magellanicus
149,Hooded Warbler,Setophaga citrina
637,Horned Guan,Oreophasis derbianus
150,Horned Lark,Eremophila alpestris
296,Horsfield's Bronze-Cuckoo,Chrysococcyx basalis
297,Horsfield's Bushlark,Mirafra javanica
401,House Crow,Corvus splendens
151,House Finch,Haemorhous mexicanus
152,House Sparrow,Passer domesticus
153,House Wren,Troglodytes aedon
514,Iberian Magpie,Cyanopica cooki
402,Ibisbill,Ibidorhyncha struthersii
154,Inca Dove,Columbina inca
638,Inca Tern,Larosterna inca
462,Indian Courser,Cursorius coromandelicus
463,Indian Paradise Flycatcher,Terpsiphone paradisi
403,Indian Peafowl,Pavo cristatus
404,Indian Vulture,Gyps indicus
155,Indigo Bunting,Passerina cyanea
515,Italian Sparrow,Passer italiae
484,Ivory Gull,Pagophila eburnea
639,Jabiru,Jabiru mycteria
156,Juniper Titmouse,Baeolophus ridgwayi
298,Kea,Nestor notabilis
640,Keel-Billed Toucan,Ramphastos sulfuratus
299,Kelp Gull,Larus dominicanus
300,Kererū,Hemiphaga novaeseelandiae
157,Killdeer,Charadrius vociferus
485,King Eider,Somateria spectabilis
158,King Rail,Rallus elegans
641,King Vulture,Sarcoramphus papa
301,Korimako,Anthornis melanura
302,Kākāpō,Strigops habroptila
405,Large-Billed Crow,Corvus macrorhynchos
586,Laughing Gull,Leucophaeus atricilla
303,Laughing Kookaburra,Dacelo novaeguineae
159,Lazuli Bunting,Passerina amoena
642,Least Seedsnipe,Thinocorus rumicivorus
304,Lesser Frigatebird,Fregata ariel
587,Lesser Prairie-Chicken,Tympanuchus pallidicinctus
558,Lesser Spotted Woodpecker,Dryobates minor
160,Lesser Whitethroat,Sylvia curruca
305,Lewin's Honeyeater,Meliphaga lewinii
643,Limpkin,Aramus guarauna
161,Lincoln's Sparrow,Melospiza lincolnii
644,Lineated Woodpecker,Dryocopus lineatus
645,Little Blue Heron,Egretta caerulea
162,Little Bustard,Tetrax tetrax
406,Little Egret,Egretta garzetta
407,Little Grebe,Tachybaptus ruficollis
163,Little Owl,Athene noctua
306,Little Penguin,Eudyptula minor
307,Little Pied Cormorant,Microcarbo melanoleucos
408,Little Ringed Plover,Charadrius dubius
646,Little Tinamou,Crypturellus soui
164,Loggerhead Shrike,Lanius ludovicianus
527,Long-Tailed Cuckoo,Urodynamis taitensis
165,Long-Tailed Tit,Aegithalos caudatus
647,Long-Wattled Umbrellabird,Cephalopterus penduliger
464,Luzon Bleeding-Heart,Gallicolumba luzonica
528,Magenta Petrel,Pterodroma magentae
648,Magnificent Frigatebird,Fregata magnificens
308,Magpie-Lark,Grallina cyanoleuca
309,Major Mitchell's Cockatoo,Lophochroa leadbeateri
166,Mallard,Anas platyrhynchos
310,Malleefowl,Leipoa ocellata
409,Mandarin Duck,Aix galericulata
311,Maned Duck,Chenonetta jubata
559,Manx Shearwater,Puffinus puffinus
312,Many-Colored Fruit-Dove,Ptilinopus perousii
649,Marsh Seedeater,Sporophila palustris
516,Marsh Tit,Poecile palustris
560,Marsh Warbler,Acrocephalus palustris
313,Masked Lapwing,Vanellus miles
561,Meadow Pipit,Anthus pratensis
517,Mediterranean Shearwater,Puffinus yelkouan
518,Merlin,Falco columbarius
167,Mississippi Kite,Ictinia mississippiensis
314,Mistletoebird,Dicaeum hirundinaceum
168,Moltoni's Warbler,Sylvia subalpina
650,Monk Parakeet,Myiopsitta monachus
169,Montagu's Harrier,Circus pygargus
170,Mountain Bluebird,Sialia currucoides
171,Mountain Chickadee,Poecile gambeli
588,Mountain Quail,Oreortyx pictus
172,Mourning Dove,Zenaida macroura
651,Muscovy Duck,Cairina moschata
315,Musk Duck,Biziura lobata
173,Mute Swan,Cygnus olor
652,Nanday Parakeet,Aratinga nenday
653,Neotropic Cormorant,Nannopterum brasilianum
316,New Holland Honeyeater,Phylidonyris novaehollandiae
529,New Zealand Dabchick,Poliocephalus rufopectus
530,New Zealand Fairy Tern,Sternula nereis davisae
531,New Zealand Falcon,Falco novaeseelandiae
532,New Zealand Rock Wren,Xenicus gilviventris
533,New Zealand Scaup,Aythya novaeseelandiae
465,Nicobar Pigeon,Caloenas nicobarica
317,Noisy Miner,Manorina melanocephala
318,North Island Brown Kiwi,Apteryx mantelli
534,North Island Kōkako,Callaeas wilsoni
174,Northern Bobwhite,Colinus virginianus
175,Northern Cardinal,Cardinalis cardinalis
176,Northern Flicker,Colaptes auratus
177,Northern Gannet,Morus bassanus
178,Northern Goshawk,Accipiter gentilis
179,Northern Harrier,Circus hudsonius
180,Northern Mockingbird,Mimus polyglottos
486,Northern Pintail,Anas acuta
487,Northern Saw-Whet Owl,Aegolius acadicus
181,Northern Shoveler,Spatula clypeata
654,Ocellated Turkey,Meleagris ocellata
655,Oilbird,Steatornis caripensis
410,Olive-Backed Sunbird,Cinnyris jugularis
656,Orange-Breasted Bunting,Passerina leclancherii
319,Orange-Footed Scrubfowl,Megapodius reinwardt
411,Oriental Bay-Owl,Phodilus badius
412,Oriental Magpie-Robin,Copsychus saularis
657,Orinoco Goose,Neochen jubata
182,Osprey,Pandion haliaetus
488,Ovenbird,Seiurus aurocapilla
320,Pacific Black Duck,Anas superciliosa
466,Pacific Sea-Eagle,Haliaeetus pelagicus
183,Painted Bunting,Passerina ciris
184,Painted Whitestart,Myioborus pictus
535,Paradise Shelduck,Tadorna variegata
658,Paradise Tanager,Tangara chilensis
185,Parrot Crossbill,Loxia pytyopsittacus
321,Peaceful Dove,Geopelia placida
186,Peregrine Falcon,Falco peregrinus
659,Peruvian Sierra-Finch,Phrygilus punensis
322,Pesquet's Parrot,Psittrichas fulgidus
589,Phainopepla,Phainopepla nitens
323,Pheasant Coucal,Centropus phasianinus
413,Philippine Eagle,Pithecophaga jefferyi
187,Pied-Billed Grebe,Podilymbus podiceps
188,Pileated Woodpecker,Dryocopus pileatus
489,Pine Grosbeak,Pinicola enucleator
189,Pine Siskin,Spinus pinus
324,Pink-Eared Duck,Malacorhynchus membranaceus
467,Pinktail,Urocynchramus pylzowi
490,Piping Plover,Charadrius melodus
660,Plain Chachalaca,Ortalis vetula
325,Plains-Wanderer,Pedionomus torquatus
414,Plumbeous Redstart,Phoenicurus fuliginosus
590,Prairie Falcon,Falco mexicanus
326,Princess Stephanie's Astrapia,Astrapia stephaniae
190,Prothonotary Warbler,Protonotaria citrea
591,Purple Finch,Haemorhous purpureus
191,Purple Gallinule,Porphyrio martinicus
415,Purple Heron,Ardea purpurea
192,Purple Martin,Progne subis
468,Purple Sunbird,Cinnyris asiaticus
193,Pygmy Nuthatch,Sitta pygmaea
592,Pyrrhuloxia,Cardinalis sinuatus
327,Pūkeko,Porphyrio melanotus
491,Qupanuaq,Zonotrichia querula
328,Rainbow Lorikeet,Trichoglossus moluccanus
416,Red Avadavat,Amandava amandava
194,Red Crossbill,Loxia curvirostra
417,Red Junglefowl,Gallus gallus
195,Red Kite,Milvus milvus
196,Red Knot,Calidris canutus
329,Red Wattlebird,Anthochaera carunculata
330,Red-Backed Fairywren,Malurus melanocephalus
197,Red-Backed Shrike,Lanius collurio
198,Red-Bellied Woodpecker,Melanerpes carolinus
661,Red-Billed Scythebill,Campylorhamphus trochilirostris
662,Red-Breasted Meadowlark,Leistes militaris
199,Red-Breasted Merganser,Mergus serrator
200,Red-Breasted Nuthatch,Sitta canadensis
331,Red-Capped Robin,Petroica goodenovii
201,Red-Cockaded Woodpecker,Picoides borealis
663,Red-Crested Cardinal,Paroaria coronata
418,Red-Crowned Crane,Grus japonensis
536,Red-Crowned Parakeet,Cyanoramphus novaezelandiae
202,Red-Eyed Vireo,Vireo olivaceus
519,Red-Footed Falcon,Falco vespertinus
664,Red-Headed Barbet,Eubucco bourcierii
203,Red-Headed Woodpecker,Melanerpes erythrocephalus
204,Red-Legged Partridge,Alectoris rufa
665,Red-Legged Seriema,Cariama cristata
332,Red-Necked Avocet,Recurvirostra novaehollandiae
205,Red-Shouldered Hawk,Buteo lineatus
206,Red-Tailed Hawk,Buteo jamaicensis
419,Red-Vented Bulbul,Pycnonotus cafer
420,Red-Wattled Lapwing,Vanellus indicus
207,Red-Winged Blackbird,Agelaius phoeniceus
333,Red-Winged Parrot,Aprosmictus erythropterus
334,Regent Bowerbird,Sericulus chrysocephalus
666,Resplendent Quetzal,Pharomachrus mocinno
421,Rhinoceros Auklet,Cerorhinca monocerata
537,Rifleman,Acanthisitta chloris
208,Ring-Billed Gull,Larus delawarensis
667,Roadside Hawk,Rupornis magnirostris
422,Rock Pigeon,Columba livia
492,Rock Ptarmigan,Lagopus muta
423,Rook,Corvus frugilegus
209,Rose-Breasted Grosbeak,Pheucticus ludovicianus
424,Rose-Ringed Parakeet,Psittacula krameri
210,Roseate Spoonbill,Platalea ajaja
425,Rosy Starling,Pastor roseus
335,Royal Spoonbill,Platalea regia
211,Ruby-Crowned Kinglet,Regulus calendula
212,Ruby-Throated Hummingbird,Archilochus colubris
213,Ruddy Duck,Oxyura jamaicensis
668,Ruddy Ground Dove,Columbina talpacoti
426,Ruddy Shelduck,Tadorna ferruginea
562,Ruddy Turnstone,Arenaria interpres
669,Rufescent Tiger-Heron,Tigrisoma lineatum
214,Ruff,Calidris pugnax
670,Rufous Hornero,Furnarius rufus
493,Rufous Hummingbird,Selasphorus rufus
336,Rufous Night-Heron,Nycticorax caledonicus
337,Rufous Owl,Ninox rufa
338,Rufous-Banded Honeyeater,Conopophila albogularis
671,Rufous-Collared Sparrow,Zonotrichia capensis
672,Rufous-Naped Wren,Campylorhynchus rufinucha
494,Rusty Blackbird,Euphagus carolinus
339,Sacred Kingfisher,Todiramphus sanctus
563,Sand Martin,Riparia riparia
215,Sandhill Crane,Antigone canadensis
564,Sandwich Tern,Thalasseus sandvicensis
427,Sarus Crane,Antigone antigone
428,Satyr Tragopan,Tragopan satyra
673,Savanna Hawk,Buteogallus meridionalis
216,Savannah Sparrow,Passerculus sandwichensis
217,Savi's Warbler,Locustella luscinioides
218,Say's Phoebe,Sayornis saya
219,Scaled Quail,Callipepla squamata
429,Scaly-Breasted Munia,Lonchura punctulata
674,Scarlet Ibis,Eudocimus ruber
675,Scarlet Macaw,Ara macao
593,Scarlet Tanager,Piranga olivacea
220,Scissor-Tailed Flycatcher,Tyrannus forficatus
676,Screaming Piha,Lipaugus vociferans
495,Sharp-Tailed Grouse,Tympanuchus phasianellus
677,Shiny Cowbird,Molothrus bonariensis
538,Shore Plover,Thinornis novaeseelandiae
221,Short-Toed Treecreeper,Certhia brachydactyla
340,Silvereye,Zosterops lateralis
430,Small Minivet,Pericrocotus cinnamomeus
431,Smew,Mergellus albellus
678,Smooth-Billed Ani,Crotophaga ani
222,Snow Bunting,Plectrophenax nivalis
679,Snowy Albatross,Diomedea exulans
223,Snowy Egret,Egretta thula
224,Snowy Owl,Bubo scandiacus
225,Song Sparrow,Melospiza melodia
565,Song Thrush,Turdus philomelos
341,South Island Robin,Petroica australis
539,South Island Saddleback,Philesturnus carunculatus
540,South Island Takahē,Porphyrio hochstetteri
342,Southern Cassowary,Casuarius casuarius
680,Southern Lapwing,Vanellus chilensis
681,Southern Rough-Winged Swallow,Stelgidopteryx ruficollis
682,Southern Screamer,Chauna torquata
343,Spangled Drongo,Dicrurus bracteatus
683,Spectacled Owl,Pulsatrix perspicillata
344,Splendid Fairywren,Malurus splendens
432,Spoon-Billed Sandpiper,Calidris pygmaea
345,Spotless Crake,Zapornia tabuensis
520,Spotless Starling,Sturnus unicolor
433,Spotted Dove,Streptopelia chinensis
684,Spotted Nothura,Nothura maculosa
226,Spotted Owl,Strix occidentalis
685,Spotted Puffbird,Bucco tamatia
227,Spotted Sandpiper,Actitis macularius
541,Spotted Shag,Phalacrocorax punctatus
228,Spotted Towhee,Pipilo maculatus
229,Sprague's Pipit,Anthus spragueii
230,Squacco Heron,Ardeola ralloides
686,Squirrel Cuckoo,Piaya cayana
434,Sri Lanka Blue-Magpie,Urocissa ornata
435,Sri Lanka Frogmouth,Batrachostomus moniliger
231,Steller's Jay,Cyanocitta stelleri
469,Steppe Eagle,Aquila nipalensis
542,Stitchbird,Notiomystis cincta
436,Stork-Billed Kingfisher,Pelargopsis capensis
687,Strange-Tailed Tyrant,Alectrurus risora
346,Stubble Quail,Coturnix pectoralis
347,Sulphur-Crested Cockatoo,Cacatua galerita
470,Sulu Hornbill,Anthracoceros montani
688,Sun Parakeet,Aratinga solstitialis
689,Sunbittern,Eurypyga helias
690,Sungrebe,Heliornis fulica
348,Superb Lyrebird,Menura novaehollandiae
594,Surfbird,Calidris virgata
232,Swainson's Hawk,Buteo swainsoni
471,Taiwan Blue-Magpie,Urocissa caerulea
349,Tawny Frogmouth,Podargus strigoides
566,Tawny Owl,Strix aluco
233,Thekla's Lark,Galerida theklae
691,Titicaca Grebe,Rollandia microptera
692,Toco Toucan,Ramphastos toco
543,Tomtit,Petroica macrocephala
521,Tree Pipit,Anthus trivialis
234,Tree Swallow,Tachycineta bicolor
693,Tropical Kingbird,Tyrannus melancholicus
694,Tropical Parula,Setophaga pitiayumi
695,Tropical Royal Flycatcher,Onychorhynchus coronatus
437,Trumpeter Finch,Bucanetes githagineus
235,Trumpeter Swan,Cygnus buccinator
496,Tufted Puffin,Fratercula cirrhata
236,Tufted Titmouse,Baeolophus bicolor
567,Tundra Swan,Cygnus columbianus
237,Turkey Vulture,Cathartes aura
696,Turquoise-Browed Motmot,Eumomota superciliosa
438,Twite,Linaria flavirostris
350,Tūī,Prosthemadera novaeseelandiae
697,Ultramarine Grosbeak,Cyanoloxia brissonii
698,Vampire Ground-Finch,Geospiza septentrionalis
544,Variable Oystercatcher,Haematopus unicolor
699,Variable Seedeater,Sporophila corvina
497,Varied Thrush,Ixoreus naevius
238,Vaux's Swift,Chaetura vauxi
700,Verdin,Auriparus flaviceps
439,Verditer Flycatcher,Eumyias thalassinus
701,Vermilion Flycatcher,Pyrocephalus rubinus
440,Violet Cuckoo,Chrysococcyx xanthorhynchus
239,Violet-Green Swallow,Tachycineta thalassina
595,Virginia Rail,Rallus limicola
702,Wattled Jacana,Jacana jacana
351,Wedge-Tailed Eagle,Aquila audax
545,Weka,Gallirallus australis
352,Welcome Swallow,Hirundo neoxena
568,Western Capercaillie,Tetrao urogallus
522,Western House Martin,Delichon urbicum
569,Western Jackdaw,Coloeus monedula
240,Western Meadowlark,Sturnella neglecta
703,Western Rockhopper Penguin,Eudyptes chrysocome
596,Western Screech-Owl,Megascops kennicottii
241,Western Tanager,Piranga ludoviciana
570,Western Yellow Wagtail,Motacilla flava
472,Whiskered Treeswift,Hemiprocne comata
242,White Stork,Ciconia ciconia
243,White Wagtail,Motacilla alba
244,White-Backed Woodpecker,Dendrocopos leucotos
353,White-Bellied Sea-Eagle,Haliaeetus leucogaster
245,White-Breasted Nuthatch,Sitta carolinensis
354,White-Breasted Woodswallow,Artamus leucoryn
704,White-Browed Tit-Spinetail,Leptasthenura xenothorax
441,White-Browed Tit-Warbler,Leptopoecile sophiae
442,White-Crested Laughingthrush,Garrulax leucolophus
246,White-Crowned Sparrow,Zonotrichia leucophrys
355,White-Faced Heron,Egretta novaehollandiae
247,White-Faced Ibis,Plegadis chihi
443,White-Headed Duck,Oxyura leucocephala
248,White-Throated Dipper,Cinclus cinclus
444,White-Throated Kingfisher,Halcyon smyrnensis
705,White-Throated Magpie-Jay,Cyanocorax formosus
249,White-Throated Swift,Aeronautes saxatalis
706,White-Tipped Dove,Leptotila verreauxi
571,Whooper Swan,Cygnus cygnus
250,Whooping Crane,Grus americana
251,Wild Turkey,Meleagris gallopavo
252,Willet,Tringa semipalmata
356,Willie-Wagtail,Rhipidura leucophrys
445,Willow Tit,Poecile montanus
572,Willow Warbler,Phylloscopus trochilus
253,Wilson's Snipe,Gallinago delicata
254,Wilson's Storm Petrel,Oceanites oceanicus
255,Wood Duck,Aix sponsa
256,Wood Stork,Mycteria americana
357,Wrybill,Anarhynchus frontalis
446,Yellow Bittern,Ixobrychus sinensis
707,Yellow Warbler,Setophaga petechia
257,Yellow-Bellied Sapsucker,Sphyrapicus varius
258,Yellow-Billed Cuckoo,Coccyzus americanus
597,Yellow-Billed Magpie,Pica nuttallii
259,Yellow-Breasted Chat,Icteria virens
546,Yellow-Eyed Penguin,Megadyptes antipodes
260,Yellow-Headed Blackbird,Xanthocephalus xanthocephalus
708,Yellow-Headed Caracara,Daptrius chimachima
261,Yellow-Rumped Warbler,Setophaga coronata
262,Yellowhammer,Emberiza citrinella
547,Yellowhead,Mohoua ochrocephala
447,Zebra Dove,Geopelia striata
2000,Amethyst Woodstar,Calliphlox amethystina
2001,Bee Hummingbird,Mellisuga helenae
2024,Black-Eared Fairy,Heliothryx auritus
2025,Black-Throated Mango,Anthracothorax nigricollis
2002,Blue-Tufted Starthroat,Heliomaster furcifer
2016,Cinnamon Hummingbird,Amazilia rutila
2032,Crimson Topaz,Topaza pella
2017,Crowned Woodnymph,Thalurania colombica
2003,Fiery-Throated Hummingbird,Panterpe insignis
2018,Gilded Hummingbird,Hylocharis chrysura
2026,Horned Sungem,Heliactin bilophus
2027,Hyacinth Visorbearer,Augastes scutatus
2028,Jamaican Mango,Anthracothorax mango
2033,Long-Billed Hermit,Phaethornis longirostris
2008,Long-Tailed Sylph,Aglaiocercus kingii
2009,Marvelous Spatuletail,Loddigesia mirabilis
2034,Minute Hermit,Phaethornis idaliae
2004,Oasis Hummingbird,Rhodopis vesper
2019,Purple-Crowned Plovercrest,Stephanoxis loddigesii
2029,Purple-Throated Carib,Eulampis jugularis
2010,Red-Tailed Comet,Sappho sparganurus
2030,Ruby-Topaz Hummingbird,Chrysolampis mosquitus
2035,Rufous-Breasted Hermit,Glaucis hirsutus
2011,Rufous-Crested Coquette,Lophornis delattrei
2020,Rufous-Tailed Hummingbird,Amazilia tzacatl
2036,Saw-Billed Hermit,Ramphodon naevius
2012,Shining Sunbeam,Aglaeactis cupripennis
2005,Short-Tailed Woodstar,Myrmia micrura
2021,Snowcap,Microchera albocoronata
2031,Sparkling Violetear,Colibri coruscans
2013,Speckled Hummingbird,Adelomyia melanogenys
2006,Stripe-Breasted Starthroat,Heliomaster squamosus
2037,Stripe-Throated Hermit,Phaethornis striigularis
2022,Swallow-Tailed Hummingbird,Eupetomena macroura
2014,Sword-Billed Hummingbird,Ensifera ensifera
2023,Violet Sabrewing,Campylopterus hemileucurus
2007,White-Bellied Woodstar,Chaetocercus mulsant
2015,White-Booted Racket-Tail,Ocreatus underwoodii
2038,White-Necked Jacobin,Florisuga mellivora
2039,White-Tipped Sicklebill,Eutoxeres aquila
